Essay_1	Essay_2	Order_1	Order_2
5912	5563	1_1	1_2
1681	4248	1_1	1_2
3398	1646	1_1	1_2
5653	3965	1_1	1_2
2500	1586	1_1	1_2
5336	5685	1_1	1_2
2563	1648	1_1	1_2
5098	3407	1_1	1_2
2692	3675	1_1	1_2
1239	4415	1_1	1_2
5319	3295	1_1	1_2
1387	2660	1_1	1_2
2681	2499	1_1	1_2
3398	3086	1_1	1_2
5137	3577	1_1	1_2
5336	4121	1_1	1_2
2960	5742	1_1	1_2
3115	5676	1_1	1_2
2061	5645	1_1	1_2
3398	1436	1_1	1_2
4841	3336	1_1	1_2
1227	3892	1_1	1_2
2692	2583	1_1	1_2
1387	2833	1_1	1_2
5336	3240	1_1	1_2
1532	3336	1_1	1_2
5319	1717	1_1	1_2
5653	5215	1_1	1_2
3266	2141	1_1	1_2
4799	5897	1_1	1_2
1387	4248	1_1	1_2
3448	1717	1_1	1_2
5653	5471	1_1	1_2
4183	2592	1_1	1_2
3938	1478	1_1	1_2
3448	4408	1_1	1_2
5098	1648	1_1	1_2
3643	3971	1_1	1_2
4190	2229	1_1	1_2
5137	2583	1_1	1_2
1746	5047	1_1	1_2
1078	2256	1_1	1_2
2061	2592	1_1	1_2
1370	3099	1_1	1_2
5079	2592	1_1	1_2
3981	3453	1_1	1_2
3019	4700	1_1	1_2
5459	3577	1_1	1_2
2599	3453	1_1	1_2
3799	5047	1_1	1_2
5197	3107	1_1	1_2
3084	1702	1_1	1_2
1322	2592	1_1	1_2
5323	1715	1_1	1_2
1482	1702	1_1	1_2
5343	2629	1_1	1_2
2011	4248	1_1	1_2
1834	5676	1_1	1_2
2201	2594	1_1	1_2
2335	3675	1_1	1_2
4050	3099	1_1	1_2
3799	4418	1_1	1_2
2960	2772	1_1	1_2
5098	5560	1_1	1_2
4190	3577	1_1	1_2
5653	1717	1_1	1_2
1532	2782	1_1	1_2
5912	1080	1_1	1_2
1482	3675	1_1	1_2
4217	4121	1_1	1_2
1517	3407	1_1	1_2
1746	4408	1_1	1_2
4669	1717	1_1	1_2
1370	4248	1_1	1_2
1834	3407	1_1	1_2
3546	3295	1_1	1_2
1804	3408	1_1	1_2
5863	3099	1_1	1_2
4699	3453	1_1	1_2
2500	2139	1_1	1_2
4217	2256	1_1	1_2
4959	2256	1_1	1_2
2599	2403	1_1	1_2
3563	2594	1_1	1_2
5912	3453	1_1	1_2
2090	3407	1_1	1_2
2500	2648	1_1	1_3
1517	4011	1_1	1_3
1857	4894	1_1	1_3
5368	3215	1_1	1_3
2681	5420	1_1	1_3
1746	1101	1_1	1_3
3981	4011	1_1	1_3
4532	1211	1_1	1_3
3799	3905	1_1	1_3
2609	1195	1_1	1_3
5609	2060	1_1	1_3
1746	3860	1_1	1_3
2609	3215	1_1	1_3
4841	3779	1_1	1_3
1532	4011	1_1	1_3
4763	2340	1_1	1_3
4217	5144	1_1	1_3
4532	1020	1_1	1_3
4799	1195	1_1	1_3
5653	1727	1_1	1_3
5912	4894	1_1	1_3
3628	3063	1_1	1_3
3084	5420	1_1	1_3
3605	2648	1_1	1_3
1532	3215	1_1	1_3
4619	1727	1_1	1_3
2500	2391	1_1	1_3
4799	4894	1_1	1_3
5343	4482	1_1	1_3
2090	5420	1_1	1_3
5098	2690	1_1	1_3
4234	2056	1_1	1_3
1074	2669	1_1	1_3
5863	5420	1_1	1_3
5673	3063	1_1	1_3
1804	4753	1_1	1_4
2692	3598	1_1	1_4
3448	2309	1_1	1_4
4759	3385	1_1	1_4
4234	4063	1_1	1_4
5896	3983	1_1	1_4
4532	4575	1_1	1_4
4759	1579	1_1	1_4
1517	2974	1_1	1_4
1387	4585	1_1	1_4
4458	2763	1_1	1_4
5515	2114	1_1	1_4
3266	4715	1_1	1_4
2692	1489	1_1	1_4
5343	3983	1_1	1_4
3643	4470	1_1	1_4
2692	3983	1_1	1_4
2006	4585	1_1	1_4
2061	2997	1_1	1_4
3938	1866	1_1	1_4
3628	4753	1_1	1_4
5827	2309	1_1	1_4
3563	3180	1_1	1_4
3643	1579	1_1	1_4
2960	2046	1_1	1_4
1078	1650	1_1	1_4
5459	5982	1_1	1_4
1482	1489	1_1	1_4
1605	2910	1_1	1_4
5343	3823	1_1	1_4
5343	2997	1_1	1_4
4669	3184	1_1	1_4
3559	1489	1_1	1_4
3546	4281	1_1	1_4
2563	5980	1_1	1_4
3559	5455	1_1	1_4
1239	2322	1_1	1_4
3977	2309	1_1	1_4
2609	1987	1_1	1_4
3115	3418	1_1	1_4
3605	2557	1_1	1_4
4799	2564	1_1	1_4
1074	2046	1_1	1_4
3084	5980	1_1	1_4
3546	1056	1_1	1_4
5459	2595	1_1	1_4
1527	2309	1_1	1_4
5323	4470	1_1	1_4
1387	3305	1_1	1_4
1605	1489	1_1	1_4
3862	2845	1_1	1_5
2609	2198	1_1	1_5
1482	3444	1_1	1_5
4987	5785	1_1	1_5
1239	1589	1_1	1_5
3563	2565	1_1	1_5
3628	1884	1_1	1_5
5501	5915	1_1	1_5
2335	3873	1_1	1_5
1019	1950	1_1	1_5
5079	3454	1_1	1_5
1019	4326	1_1	1_5
1387	2778	1_1	1_5
2613	2778	1_1	1_5
1857	4431	1_1	1_5
3019	1850	1_1	1_5
1746	1437	1_1	1_5
2061	3454	1_1	1_5
4234	3667	1_1	1_5
4841	5337	1_1	1_5
5695	2953	1_1	1_5
4841	2664	1_1	1_5
3643	5303	1_1	1_5
5137	2953	1_1	1_5
1855	2315	1_1	1_5
5734	1950	1_1	1_5
4619	1528	1_1	1_5
1074	4326	1_1	1_5
1227	2396	1_1	1_5
3785	4287	1_1	1_5
5609	2218	1_1	1_5
1532	4978	1_1	1_5
3742	2953	1_1	1_5
4799	2931	1_1	1_5
3559	4978	1_1	1_5
2090	5750	1_1	1_5
3019	3690	1_1	1_5
3115	3387	1_1	1_5
3784	3454	1_1	1_5
3820	4287	1_1	1_5
2960	3444	1_1	1_5
3084	3220	1_1	1_5
1683	1884	1_1	1_5
3605	2931	1_1	1_5
5653	5519	1_1	1_5
1031	3444	1_1	1_5
4190	2276	1_1	1_5
1083	4326	1_1	1_5
3643	3220	1_1	1_5
5673	1950	1_1	1_5
4217	5750	1_1	1_5
2201	4326	1_1	1_5
5728	4566	1_1	1_5
3398	3113	1_1	1_6
3084	5583	1_1	1_6
1305	5583	1_1	1_6
3266	5043	1_1	1_6
3643	5390	1_1	1_6
3799	5364	1_1	1_6
4050	1343	1_1	1_6
1239	1614	1_1	1_6
5079	5571	1_1	1_6
1387	5889	1_1	1_6
4532	1381	1_1	1_6
1370	4245	1_1	2_1
1804	1574	1_1	2_1
3981	4965	1_1	2_1
4458	1186	1_1	2_1
3115	3225	1_1	2_1
5459	5924	1_1	2_1
3019	5055	1_1	2_1
2692	2506	1_1	2_1
3862	4489	1_1	2_1
2335	4244	1_1	2_1
3862	5925	1_1	2_1
4190	5925	1_1	2_1
1019	2578	1_1	2_1
3643	3067	1_1	2_1
3643	4489	1_1	2_1
5323	5579	1_1	2_1
4619	5724	1_1	2_1
1083	4727	1_1	2_1
3559	5739	1_1	2_1
3785	5376	1_1	2_1
5515	4609	1_1	2_1
4234	1205	1_1	2_1
5912	1210	1_1	2_1
5323	3287	1_1	2_1
3628	3589	1_1	2_1
3643	2098	1_1	2_1
2613	1654	1_1	2_1
4190	5175	1_1	2_1
1487	3014	1_1	2_1
5098	1358	1_1	2_1
2960	3049	1_1	2_1
5673	5924	1_1	2_1
1019	1853	1_1	2_1
3115	3356	1_1	2_1
2006	3065	1_1	2_1
4095	4282	1_1	2_1
3559	3280	1_1	2_1
5863	2329	1_1	2_1
1370	5739	1_1	2_1
5515	5294	1_1	2_1
2960	3616	1_1	2_1
1834	2419	1_1	2_1
1387	2650	1_1	2_1
4763	1574	1_1	2_1
3643	1853	1_1	2_1
2201	1327	1_1	2_1
3628	2098	1_1	2_1
5827	3280	1_1	2_1
4987	2420	1_1	2_1
3643	1210	1_1	2_1
5336	1853	1_1	2_1
4799	2650	1_1	2_1
4190	3696	1_1	2_1
3981	1327	1_1	2_1
3981	2788	1_1	2_1
4458	3744	1_1	2_1
2599	2329	1_1	2_1
4234	3616	1_1	2_1
4183	3576	1_1	2_1
1746	3119	1_1	2_1
1605	2515	1_1	2_1
1517	2650	1_1	2_1
5728	2420	1_1	2_1
1527	2788	1_1	2_1
3563	2020	1_1	2_1
3559	1148	1_1	2_1
3820	3067	1_1	2_1
1322	2506	1_1	2_1
3981	2638	1_1	2_1
3784	1574	1_1	2_1
1019	5042	1_1	2_1
1305	4900	1_1	2_1
4669	2788	1_1	2_1
4234	5591	1_1	2_1
2692	4244	1_1	2_1
5827	5739	1_1	2_1
2613	4245	1_1	2_1
3084	1358	1_1	2_1
4234	1327	1_1	2_1
2201	5992	1_1	2_1
5197	5055	1_1	2_1
1532	2515	1_1	2_1
4759	2347	1_1	2_1
3977	2866	1_1	2_1
3784	2578	1_1	2_1
1857	2882	1_1	2_2
5501	4079	1_1	2_2
5137	4478	1_1	2_2
3938	2249	1_1	2_2
3799	5890	1_1	2_2
3799	3346	1_1	2_2
5653	5914	1_1	2_2
4759	3691	1_1	2_2
2563	1562	1_1	2_2
4050	4904	1_1	2_2
2201	2323	1_1	2_2
5137	4081	1_1	2_2
1855	4848	1_1	2_2
3628	1984	1_1	2_2
1517	1562	1_1	2_2
5896	1595	1_1	2_2
2609	2574	1_1	2_2
1517	5086	1_1	2_2
5653	4848	1_1	2_2
3742	5089	1_1	2_2
4959	1336	1_1	2_2
4183	3736	1_1	2_2
5734	5767	1_1	2_2
3019	1595	1_1	2_2
1517	4515	1_1	2_2
1239	5395	1_1	2_2
3266	5901	1_1	2_2
3019	3351	1_1	2_2
5956	4157	1_1	2_2
1239	3346	1_1	2_2
1804	1491	1_1	2_2
5728	4471	1_1	2_2
5501	3001	1_1	2_2
5896	4848	1_1	2_2
4183	4848	1_1	2_2
4619	2742	1_1	2_2
3799	5167	1_1	2_2
4050	1829	1_1	2_2
1527	1171	1_1	2_2
1083	3648	1_1	2_2
5673	2882	1_1	2_2
5827	3893	1_1	2_2
5912	3351	1_1	2_2
5734	5911	1_1	2_2
5323	5410	1_1	2_2
3266	1497	1_1	2_2
5734	4252	1_1	2_2
1074	1162	1_1	2_2
4799	5914	1_1	2_2
5896	4236	1_1	2_2
4095	3709	1_1	2_2
5459	2430	1_1	2_2
5673	3001	1_1	2_2
1487	5914	1_1	2_2
1083	4103	1_1	2_2
2500	5395	1_1	2_2
3559	2303	1_1	2_2
2609	2036	1_1	2_2
5896	3235	1_1	2_2
5501	1400	1_1	2_2
5343	1829	1_1	2_2
3084	5914	1_1	2_2
2613	2303	1_1	2_2
1681	4252	1_1	2_2
1683	1087	1_1	2_2
1031	1595	1_1	2_2
4234	3351	1_1	2_2
1605	3648	1_1	2_2
3785	4236	1_1	2_2
4183	4079	1_1	2_2
5896	1962	1_1	2_2
2011	1874	1_1	2_2
1387	2738	1_1	2_3
3820	4817	1_1	2_3
4619	2890	1_1	2_3
4699	1300	1_1	2_3
3266	5341	1_1	2_3
1681	5752	1_1	2_3
1834	1716	1_1	2_3
2563	4207	1_1	2_3
4763	4034	1_1	2_3
2681	1716	1_1	2_3
5734	4034	1_1	2_3
2090	1129	1_1	2_3
3820	3443	1_1	2_3
2563	2832	1_1	2_3
4619	1908	1_1	2_3
1074	1716	1_1	2_3
5079	4991	1_1	2_3
3084	1438	1_1	2_3
1078	4826	1_1	2_3
5079	3316	1_1	2_3
3448	3340	1_1	2_3
4458	5230	1_1	2_3
2609	1479	1_1	2_3
5912	5752	1_1	2_3
5137	2776	1_1	2_3
3448	4327	1_1	2_3
4699	1809	1_1	2_3
3785	4676	1_1	2_3
5501	4614	1_1	2_3
3784	4038	1_1	2_3
2335	5723	1_1	2_3
4183	1300	1_1	2_3
5863	3316	1_1	2_3
5695	1906	1_1	2_3
4364	4973	1_1	2_3
5863	1041	1_1	2_3
3742	2068	1_1	2_3
5695	2971	1_1	2_3
5912	5401	1_1	2_3
2960	4589	1_1	2_3
5728	3525	1_1	2_3
4183	3561	1_1	2_3
5098	4250	1_1	2_3
1482	5401	1_1	2_3
2681	2732	1_1	2_3
1532	3163	1_1	2_3
3938	5494	1_1	2_3
2011	4250	1_1	2_3
5515	5341	1_1	2_3
1083	4034	1_1	2_3
4050	1809	1_1	2_3
3938	4302	1_1	2_3
3938	1906	1_1	2_3
4364	1870	1_1	2_3
1804	5494	1_1	2_3
5673	5401	1_1	2_3
4190	4708	1_1	2_3
3742	4732	1_1	2_3
1370	2738	1_1	2_3
1857	3241	1_1	2_3
1370	2776	1_1	2_3
1083	1220	1_1	2_3
3628	4676	1_1	2_3
1855	4839	1_1	2_3
4190	1438	1_1	2_3
5827	3316	1_1	2_3
3742	2161	1_1	2_3
3398	4676	1_1	2_3
1681	2738	1_1	2_3
2500	4589	1_1	2_3
5863	5270	1_1	2_3
5197	5577	1_1	2_3
5728	1073	1_1	2_3
2681	3525	1_1	2_3
5098	3443	1_1	2_3
5657	5937	1_1	2_3
5315	4034	1_1	2_3
1031	2732	1_1	2_3
4532	4614	1_1	2_3
5315	3058	1_1	2_3
5343	4207	1_1	2_3
1855	1318	1_1	2_3
1681	2161	1_1	2_3
1482	3413	1_1	2_3
5197	5650	1_1	2_3
5673	3316	1_1	2_3
5368	1905	1_1	2_4
2201	3077	1_1	2_4
3862	1428	1_1	2_4
1605	3077	1_1	2_4
4699	5150	1_1	2_4
5197	2573	1_1	2_4
4458	2612	1_1	2_4
1517	3320	1_1	2_4
5515	1893	1_1	2_4
1834	5357	1_1	2_4
3448	5222	1_1	2_4
5912	5222	1_1	2_4
1487	2685	1_1	2_4
5459	5057	1_1	2_4
5896	1993	1_1	2_4
4763	4776	1_1	2_4
3742	3320	1_1	2_4
5315	1909	1_1	2_4
1083	1428	1_1	2_4
4619	2084	1_1	2_4
4532	1428	1_1	2_4
4841	3732	1_1	2_4
5459	4780	1_1	2_4
1227	2685	1_1	2_4
2006	5413	1_1	2_4
3785	2661	1_1	2_4
1019	1773	1_1	2_4
1322	4582	1_1	2_4
1771	2532	1_1	2_4
5896	4597	1_1	2_4
5315	4596	1_1	2_4
2090	3018	1_1	2_4
1605	5756	1_1	2_4
5896	3851	1_1	2_4
3084	3347	1_1	2_4
3938	2685	1_1	2_4
5515	2685	1_1	2_4
5501	5439	1_1	2_4
5323	4587	1_1	2_4
1031	5062	1_1	2_4
4759	5150	1_1	2_4
1532	1200	1_1	2_4
1532	1428	1_1	2_4
5336	3716	1_1	2_4
4763	1525	1_1	2_4
3605	5513	1_1	2_4
5863	5987	1_1	2_4
1239	4314	1_1	2_4
4050	2668	1_1	2_4
3820	1240	1_1	2_4
5609	1888	1_1	2_4
1804	1240	1_1	2_4
3448	1909	1_1	2_4
5137	4597	1_1	2_4
2609	1986	1_1	2_4
3742	4780	1_1	2_4
2335	5987	1_1	2_4
4458	3253	1_1	2_4
4183	4070	1_1	2_4
3398	3347	1_1	2_4
2201	4110	1_1	2_4
5728	2661	1_1	2_4
3605	4582	1_1	2_4
1322	3927	1_1	2_4
1834	2885	1_1	2_4
4959	2459	1_1	2_4
1387	4856	1_1	2_4
5609	5150	1_1	2_4
5319	4625	1_1	2_4
1227	4780	1_1	2_4
3785	1909	1_1	2_4
3977	5193	1_1	2_4
4619	4929	1_1	2_4
2500	5012	1_1	2_4
4183	4809	1_1	2_4
1605	4856	1_1	2_4
1681	5357	1_1	2_4
1527	1756	1_1	2_4
5336	4780	1_1	2_4
1019	2337	1_1	2_4
5323	1696	1_1	2_5
3019	3181	1_1	2_5
3559	5729	1_1	2_5
1746	2980	1_1	2_5
5079	4442	1_1	2_5
1527	1564	1_1	2_5
2011	4361	1_1	2_5
5137	3714	1_1	2_5
5734	2980	1_1	2_5
5098	5220	1_1	2_5
5323	5452	1_1	2_5
1746	2770	1_1	2_5
5827	3653	1_1	2_5
4619	4361	1_1	2_5
1527	3181	1_1	2_5
3981	1867	1_1	2_5
2500	3181	1_1	2_5
1771	4085	1_1	2_5
3448	4361	1_1	2_5
4759	5534	1_1	2_5
1804	5755	1_1	2_5
2090	5729	1_1	2_5
3785	2980	1_1	2_5
1031	5649	1_1	2_5
5609	5433	1_1	2_5
2006	3510	1_1	2_5
1078	3324	1_1	2_5
1074	4085	1_1	2_5
5343	3886	1_1	2_5
1482	4361	1_1	2_5
1078	3653	1_1	2_5
3407	4894	1_2	1_3
5961	5144	1_2	1_3
4019	1131	1_2	1_3
3257	1727	1_2	1_3
1106	1020	1_2	1_3
1352	2690	1_2	1_3
3099	2648	1_2	1_3
3086	1626	1_2	1_3
2842	1592	1_2	1_3
4540	5144	1_2	1_3
1648	1796	1_2	1_3
3099	1550	1_2	1_3
3675	3683	1_2	1_3
1203	1020	1_2	1_3
4415	3376	1_2	1_3
2842	1796	1_2	1_3
2256	4894	1_2	1_3
1846	1550	1_2	1_3
1648	1592	1_2	1_3
5215	5512	1_2	1_3
1846	2531	1_2	1_3
2233	2239	1_2	1_3
1080	3215	1_2	1_3
2629	2340	1_2	1_3
1763	1020	1_2	1_3
3283	3735	1_2	1_3
4415	1691	1_2	1_3
2782	2531	1_2	1_3
2629	3215	1_2	1_3
1080	2253	1_2	1_3
5742	2265	1_2	1_3
3771	1131	1_2	1_3
5418	1727	1_2	1_3
4535	2056	1_2	1_3
5835	3015	1_2	1_4
4947	5779	1_2	1_4
2426	5779	1_2	1_4
3675	4179	1_2	1_4
5621	4854	1_2	1_4
5961	2620	1_2	1_4
2233	2889	1_2	1_4
2403	2927	1_2	1_4
3099	2974	1_2	1_4
2328	4666	1_2	1_4
3107	5050	1_2	1_4
3892	2595	1_2	1_4
3257	2309	1_2	1_4
5215	5050	1_2	1_4
3129	4867	1_2	1_4
4445	2889	1_2	1_4
5056	3959	1_2	1_4
4445	1364	1_2	1_4
1586	2013	1_2	1_4
5747	3418	1_2	1_4
5056	5151	1_2	1_4
4535	3184	1_2	1_4
3099	1038	1_2	1_4
1352	2620	1_2	1_4
4129	2322	1_2	1_4
3295	2013	1_2	1_4
2048	4854	1_2	1_4
4892	5779	1_2	1_4
1757	4063	1_2	1_4
1478	2114	1_2	1_4
3299	3385	1_2	1_4
4067	1650	1_2	1_4
3107	5363	1_2	1_4
4535	2927	1_2	1_4
4019	3823	1_2	1_4
2629	4854	1_2	1_4
5563	5982	1_2	1_4
2782	5980	1_2	1_4
4535	4715	1_2	1_4
2499	4906	1_2	1_4
3343	1579	1_2	1_4
2583	5980	1_2	1_4
5676	5363	1_2	1_4
1478	3598	1_2	1_4
2855	3983	1_2	1_4
4408	3823	1_2	1_4
3512	1894	1_2	1_4
2426	4281	1_2	1_4
3240	5050	1_2	1_4
1846	1364	1_2	1_4
3107	3576	1_2	2_1
3099	5539	1_2	2_1
2048	1654	1_2	2_1
1189	2932	1_2	2_1
1648	5031	1_2	2_1
1638	4270	1_2	2_1
2233	2020	1_2	2_1
4121	3656	1_2	2_1
5645	5328	1_2	2_1
2229	5718	1_2	2_1
3453	2638	1_2	2_1
5353	4444	1_2	2_1
2328	2435	1_2	2_1
1586	4900	1_2	2_1
4415	5055	1_2	2_1
2499	2506	1_2	2_1
4415	5591	1_2	2_1
4408	1890	1_2	2_1
2141	4489	1_2	2_1
5742	2932	1_2	2_1
2410	4245	1_2	2_1
4535	2435	1_2	2_1
3257	5739	1_2	2_1
2855	2545	1_2	2_1
2594	2779	1_2	2_1
5095	1210	1_2	2_1
5645	2329	1_2	2_1
3408	5798	1_2	2_1
5676	3356	1_2	2_1
4129	5798	1_2	2_1
3512	5924	1_2	2_1
5418	5542	1_2	2_1
2233	5591	1_2	2_1
5747	1181	1_2	2_1
2256	1627	1_2	2_1
3971	5899	1_2	2_1
4892	5296	1_2	2_1
5676	3766	1_2	2_1
2871	4609	1_2	2_1
3407	2779	1_2	2_1
3299	2428	1_2	2_1
5685	4760	1_2	2_1
4535	3616	1_2	2_1
3407	2515	1_2	2_1
5685	5328	1_2	2_1
4806	5718	1_2	2_1
3283	1148	1_2	2_1
2410	2435	1_2	2_1
1080	5913	1_2	2_1
1764	5979	1_2	2_1
3892	1210	1_2	2_1
2594	2329	1_2	2_1
3336	1627	1_2	2_1
5961	5925	1_2	2_1
3971	2435	1_2	2_1
3965	5376	1_2	2_1
4129	1853	1_2	2_1
4408	2650	1_2	2_1
4540	1327	1_2	2_1
3086	5979	1_2	2_1
5471	1869	1_2	2_1
1160	3356	1_2	2_1
4806	1205	1_2	2_1
2499	1627	1_2	2_1
3771	5925	1_2	2_1
4415	2420	1_2	2_1
2048	4035	1_2	2_1
1646	2949	1_2	2_1
1638	3229	1_2	2_1
1763	5376	1_2	2_1
3299	4900	1_2	2_1
5897	4035	1_2	2_1
2583	4270	1_2	2_1
2403	3656	1_2	2_1
5215	4727	1_2	2_1
2855	5031	1_2	2_1
1717	5924	1_2	2_1
1436	3049	1_2	2_1
4067	1210	1_2	2_1
4415	3614	1_2	2_1
2772	3576	1_2	2_1
2144	2419	1_2	2_1
3453	4965	1_2	2_1
4947	5328	1_2	2_1
5418	4969	1_2	2_1
1717	5175	1_2	2_1
1764	2578	1_2	2_1
3240	3694	1_2	2_3
3099	5937	1_2	2_3
5742	2780	1_2	2_3
4700	4732	1_2	2_3
1648	2161	1_2	2_3
5215	1244	1_2	2_3
5742	5270	1_2	2_3
5645	4327	1_2	2_3
5685	1944	1_2	2_3
2144	2630	1_2	2_3
1203	4614	1_2	2_3
2048	1069	1_2	2_3
2141	5489	1_2	2_3
2629	1875	1_2	2_3
3099	1220	1_2	2_3
1846	4302	1_2	2_3
1763	2738	1_2	2_3
2139	5341	1_2	2_3
2583	5017	1_2	2_3
2833	4250	1_2	2_3
4540	3543	1_2	2_3
1648	3058	1_2	2_3
3971	5650	1_2	2_3
1648	5143	1_2	2_3
4129	3316	1_2	2_3
1646	4250	1_2	2_3
4067	3316	1_2	2_3
2252	1944	1_2	2_3
4700	3316	1_2	2_3
2594	2177	1_2	2_3
5056	4676	1_2	2_3
1763	1908	1_2	2_3
4129	4708	1_2	2_3
2594	4973	1_2	2_3
5563	5577	1_2	2_3
4415	5577	1_2	2_3
2629	4327	1_2	2_3
3107	1870	1_2	2_3
2229	5743	1_2	2_3
2842	5723	1_2	2_3
5961	4723	1_2	2_3
3512	2732	1_2	2_3
3675	4321	1_2	2_3
5742	1944	1_2	2_3
1246	1300	1_2	2_3
3408	4038	1_2	2_3
1764	4723	1_2	2_3
4806	1069	1_2	2_3
5563	1041	1_2	2_3
2782	5121	1_2	2_3
3453	2792	1_2	2_3
4540	5743	1_2	2_3
5897	4327	1_2	2_3
2782	3596	1_2	2_3
4019	1073	1_2	2_3
2328	3821	1_2	2_3
5215	5341	1_2	2_3
3240	5341	1_2	2_3
1246	3958	1_2	2_3
2233	2890	1_2	2_3
1715	5143	1_2	2_3
3965	4817	1_2	2_3
2252	2890	1_2	2_3
2426	1318	1_2	2_3
3965	5143	1_2	2_3
3343	4723	1_2	2_3
4445	5937	1_2	2_3
2252	5017	1_2	2_3
3512	1906	1_2	2_3
1763	1209	1_2	2_3
1648	5270	1_2	2_3
4248	3596	1_2	2_3
3086	5017	1_2	2_3
3971	3561	1_2	2_3
1352	5017	1_2	2_3
3336	5489	1_2	2_3
2252	5350	1_2	2_3
5961	5478	1_2	2_3
1586	4826	1_2	2_3
5747	1944	1_2	2_3
1846	4817	1_2	2_3
1246	5650	1_2	2_3
2229	5230	1_2	2_3
3453	3340	1_2	2_3
5095	3561	1_2	2_3
1648	4839	1_2	2_3
4408	4191	1_2	2_3
2269	2885	1_2	2_4
4248	1893	1_2	2_4
3407	3752	1_2	2_4
1014	3151	1_2	2_4
3086	5421	1_2	2_4
3299	5987	1_2	2_4
2229	3347	1_2	2_4
3257	3433	1_2	2_4
1246	4069	1_2	2_4
3771	4856	1_2	2_4
2660	2685	1_2	2_4
5563	5466	1_2	2_4
5747	1122	1_2	2_4
2410	1993	1_2	2_4
2269	5057	1_2	2_4
3240	4717	1_2	2_4
2660	3077	1_2	2_4
3965	5465	1_2	2_4
2499	1888	1_2	2_4
5897	1756	1_2	2_4
3086	3909	1_2	2_4
4121	2955	1_2	2_4
3257	4596	1_2	2_4
2269	3851	1_2	2_4
2871	4780	1_2	2_4
2871	1428	1_2	2_4
4892	2573	1_2	2_4
3099	3851	1_2	2_4
4700	4643	1_2	2_4
2772	1893	1_2	2_4
5095	2582	1_2	2_4
3971	2685	1_2	2_4
3107	5150	1_2	2_4
2592	1828	1_2	2_4
5835	1893	1_2	2_4
3408	3170	1_2	2_4
2594	5012	1_2	2_4
4129	2459	1_2	2_4
5056	3170	1_2	2_4
4947	2337	1_2	2_4
5563	4596	1_2	2_4
2426	4044	1_2	2_4
2403	5421	1_2	2_4
5418	2503	1_2	2_4
4019	3259	1_2	2_4
2144	5466	1_2	2_4
3408	2165	1_2	2_4
1702	3752	1_2	2_4
2592	5413	1_2	2_4
3299	2503	1_2	2_4
1586	5194	1_2	2_4
1586	4110	1_2	2_4
1352	5290	1_2	2_4
4700	4597	1_2	2_4
2256	1905	1_2	2_4
2833	2873	1_2	2_4
4445	4929	1_2	2_4
4248	2685	1_2	2_4
4121	2873	1_2	2_4
2256	3370	1_2	2_4
5621	2685	1_2	2_4
1717	2885	1_2	2_4
5835	2873	1_2	2_4
3771	5193	1_2	2_4
3407	4044	1_2	2_4
3577	4679	1_2	2_4
5742	2084	1_2	2_4
3407	1993	1_2	2_4
1246	3170	1_2	2_4
1763	1200	1_2	2_4
1080	1893	1_2	2_4
2233	2532	1_2	2_4
1352	4679	1_2	2_4
2403	3668	1_2	2_4
2139	5057	1_2	2_4
5215	1756	1_2	2_4
3965	5987	1_2	2_4
1764	3995	1_2	2_4
2594	3732	1_2	2_4
3086	3181	1_2	2_5
3965	1694	1_2	2_5
2139	4865	1_2	2_5
5676	2980	1_2	2_5
2269	3653	1_2	2_5
5353	3838	1_2	2_5
1014	4538	1_2	2_5
4415	3181	1_2	2_5
2233	5755	1_2	2_5
4947	3653	1_2	2_5
4892	5649	1_2	2_5
5418	2980	1_2	2_5
1715	5594	1_2	2_5
2583	1694	1_2	2_5
3336	2333	1_2	2_5
1203	5755	1_2	2_5
4129	5452	1_2	2_5
5742	4085	1_2	2_5
3295	3653	1_2	2_5
3099	5649	1_2	2_5
3512	1696	1_2	2_5
5056	5433	1_2	2_5
5047	3510	1_2	2_5
3675	5729	1_2	2_5
2583	3324	1_2	2_5
1702	4865	1_2	2_5
1763	4442	1_2	2_5
2141	5649	1_2	2_5
2328	3211	1_2	2_5
3971	5755	1_2	2_5
2772	3510	1_2	2_5
2899	4666	1_3	1_4
4296	2620	1_3	1_4
4011	1650	1_3	1_4
3063	4575	1_3	1_4
3376	1650	1_3	1_4
2669	1866	1_3	1_4
2531	2114	1_3	1_4
5420	2046	1_3	1_4
4011	5430	1_3	1_4
2669	2620	1_3	1_4
4832	5982	1_3	1_4
2531	3305	1_3	1_4
3905	2046	1_3	1_4
2060	4867	1_3	1_4
1796	2997	1_3	1_4
1211	4867	1_3	1_4
2391	5779	1_3	1_4
3599	1894	1_3	1_4
4832	2593	1_3	1_4
2060	2322	1_3	1_4
5420	2564	1_3	1_4
5366	5050	1_3	1_4
1727	4666	1_3	1_4
3215	4715	1_3	1_4
3063	4506	1_3	1_4
1796	1364	1_3	1_4
1868	1579	1_3	1_4
2343	4063	1_3	1_4
1131	3385	1_3	1_4
1550	1021	1_3	1_4
2239	3305	1_3	1_4
3683	5779	1_3	1_4
3735	4611	1_3	1_4
1131	3598	1_3	1_4
2343	1483	1_3	1_4
2648	5854	1_3	1_4
2265	3372	1_3	1_5
4832	2845	1_3	1_5
3779	2315	1_3	1_5
2340	1077	1_3	1_5
5512	3690	1_3	1_5
3905	4794	1_3	1_5
2343	1787	1_3	1_5
3063	1599	1_3	1_5
1195	5750	1_3	1_5
3376	3867	1_3	1_5
1101	1604	1_3	1_5
3683	3454	1_3	1_5
2340	1787	1_3	1_5
1796	1221	1_3	1_5
5144	1933	1_3	1_5
3779	2951	1_3	1_5
5512	3667	1_3	1_5
5366	1950	1_3	1_5
2690	4158	1_3	1_5
1626	1599	1_3	1_5
2060	4566	1_3	1_5
1796	1077	1_3	1_5
1131	2396	1_3	1_5
2531	5490	1_3	1_5
2648	3387	1_3	1_5
2265	2576	1_3	1_5
5420	3610	1_3	1_5
2343	2953	1_3	1_5
1626	1933	1_3	1_5
3860	2528	1_3	1_5
2253	4228	1_3	1_5
5512	4326	1_3	1_5
4329	1077	1_3	1_5
4832	2565	1_3	1_5
2343	3444	1_3	1_5
2391	5940	1_3	1_5
2690	1614	1_3	1_6
3683	4693	1_3	1_6
4011	5043	1_3	1_6
5512	1609	1_3	1_6
3215	1583	1_3	1_6
1727	2588	1_3	1_6
3860	1609	1_3	1_6
2531	3113	1_3	1_6
4894	5583	1_3	1_6
2253	2588	1_3	1_6
3599	4693	1_3	1_6
5144	1381	1_3	1_6
3599	1609	1_3	1_6
1550	1343	1_3	1_6
1592	5681	1_3	1_6
4832	1949	1_3	2_1
4894	5992	1_3	2_1
1691	3280	1_3	2_1
4894	5899	1_3	2_1
2060	3614	1_3	2_1
5420	3225	1_3	2_1
1868	3287	1_3	2_1
2899	3553	1_3	2_1
1550	4055	1_3	2_1
3215	2932	1_3	2_1
2531	3553	1_3	2_1
1691	5979	1_3	2_1
1195	1574	1_3	2_1
4482	4965	1_3	2_1
2391	5042	1_3	2_1
3735	5579	1_3	2_1
2265	2065	1_3	2_1
3376	1627	1_3	2_1
2899	5542	1_3	2_1
3735	3356	1_3	2_1
3063	3252	1_3	2_1
1550	1181	1_3	2_1
3215	3014	1_3	2_1
2056	2208	1_3	2_1
2899	2932	1_3	2_1
1550	4282	1_3	2_1
5144	1654	1_3	2_1
1131	1627	1_3	2_1
1868	4965	1_3	2_1
2648	4969	1_3	2_1
2669	1869	1_3	2_1
5420	1755	1_3	2_1
2060	2020	1_3	2_1
1211	5591	1_3	2_1
1727	1853	1_3	2_1
2531	4055	1_3	2_1
2343	5294	1_3	2_1
2253	3736	1_3	2_2
2056	5888	1_3	2_2
1691	4855	1_3	2_2
2056	1562	1_3	2_2
4832	1087	1_3	2_2
1131	4081	1_3	2_2
2669	4855	1_3	2_2
2253	2430	1_3	2_2
1727	2209	1_3	2_2
4894	1568	1_3	2_2
5512	4157	1_3	2_2
2060	1491	1_3	2_2
2343	4368	1_3	2_2
1195	2655	1_3	2_2
3735	2249	1_3	2_2
1727	3351	1_3	2_2
2531	1162	1_3	2_2
1101	2036	1_3	2_2
3905	5146	1_3	2_2
3376	5888	1_3	2_2
1691	4103	1_3	2_2
1868	3001	1_3	2_2
1211	5182	1_3	2_2
2669	1829	1_3	2_2
2899	5182	1_3	2_2
4832	4848	1_3	2_2
1195	1400	1_3	2_2
3215	1491	1_3	2_2
5420	3351	1_3	2_2
2899	4079	1_3	2_2
1796	1926	1_3	2_2
4329	5086	1_3	2_2
2340	3511	1_3	2_2
4011	3709	1_3	2_2
3063	4848	1_3	2_2
2340	3736	1_3	2_2
5366	4465	1_3	2_2
2056	1839	1_3	2_3
4329	1875	1_3	2_3
1211	2161	1_3	2_3
4329	3241	1_3	2_3
1727	4732	1_3	2_3
4482	3413	1_3	2_3
4011	4934	1_3	2_3
2060	4614	1_3	2_3
3215	1368	1_3	2_3
2060	3058	1_3	2_3
3063	5350	1_3	2_3
1691	3958	1_3	2_3
1550	2792	1_3	2_3
2056	4321	1_3	2_3
1796	3746	1_3	2_3
3683	1209	1_3	2_3
2056	4327	1_3	2_3
1727	3525	1_3	2_3
2265	3694	1_3	2_3
2690	5723	1_3	2_3
5420	5478	1_3	2_3
2391	5972	1_3	2_3
3905	5121	1_3	2_3
3063	4858	1_3	2_3
4832	2102	1_3	2_3
1868	4839	1_3	2_3
4832	1839	1_3	2_3
3683	4321	1_3	2_3
1211	4676	1_3	2_3
4329	4034	1_3	2_3
4329	4071	1_3	2_3
1211	4191	1_3	2_3
3860	1809	1_3	2_3
1868	2732	1_3	2_3
3905	3314	1_3	2_3
1626	1716	1_3	2_3
2343	4110	1_3	2_4
1592	2133	1_3	2_4
2690	3259	1_3	2_4
2265	4717	1_3	2_4
1796	1888	1_3	2_4
1691	2612	1_3	2_4
2060	2084	1_3	2_4
1550	3347	1_3	2_4
2669	1773	1_3	2_4
1211	1525	1_3	2_4
3376	1525	1_3	2_4
1955	2084	1_3	2_4
3376	4679	1_3	2_4
3683	5357	1_3	2_4
3215	1828	1_3	2_4
1101	1632	1_3	2_4
1727	1988	1_3	2_4
2060	1632	1_3	2_4
1101	5439	1_3	2_4
5420	3018	1_3	2_4
1550	5987	1_3	2_4
5420	3370	1_3	2_4
1550	1909	1_3	2_4
5144	1988	1_3	2_4
2899	2661	1_3	2_4
2340	3909	1_3	2_4
2648	3018	1_3	2_4
3860	5436	1_3	2_4
3683	3433	1_3	2_4
2531	5150	1_3	2_4
3599	4597	1_3	2_4
2690	1684	1_3	2_4
4482	1525	1_3	2_4
1550	1986	1_3	2_4
5420	5421	1_3	2_4
2690	2165	1_3	2_4
4296	4625	1_3	2_4
3215	1773	1_3	2_4
3779	4069	1_3	2_4
4894	1905	1_3	2_4
1101	2685	1_3	2_4
3215	2532	1_3	2_4
2265	2582	1_3	2_4
2690	4137	1_3	2_4
2690	5150	1_3	2_4
2309	4326	1_4	1_5
4585	1787	1_4	1_5
3883	2576	1_4	1_5
4901	5490	1_4	1_5
1364	2699	1_4	1_5
2974	3867	1_4	1_5
4281	3867	1_4	1_5
3823	2315	1_4	1_5
1650	5152	1_4	1_5
2910	3444	1_4	1_5
1483	2218	1_4	1_5
2564	4328	1_4	1_5
3983	2953	1_4	1_5
2763	4158	1_4	1_5
1489	5750	1_4	1_5
2046	5750	1_4	1_5
2114	5519	1_4	1_5
4179	5490	1_4	1_5
2595	5785	1_4	1_5
5982	4326	1_4	1_5
5151	1437	1_4	1_5
1021	2951	1_4	1_5
1056	5915	1_4	1_5
1038	2315	1_4	1_5
5430	4228	1_4	1_5
5363	5152	1_4	1_5
5982	1709	1_4	1_5
2595	2276	1_4	1_5
3015	4978	1_4	1_5
2013	2218	1_4	1_5
3883	2778	1_4	1_5
1894	4158	1_4	1_5
4715	3873	1_4	1_5
5050	3667	1_4	1_5
4666	3667	1_4	1_5
4867	5750	1_4	1_5
5980	4326	1_4	1_5
4063	5303	1_4	1_5
3983	3002	1_4	1_5
2910	5915	1_4	1_5
4906	4794	1_4	1_5
2595	1950	1_4	1_5
5151	3002	1_4	1_5
4585	4228	1_4	1_5
2620	3690	1_4	1_5
3959	1272	1_4	1_5
3015	1437	1_4	1_5
2889	5750	1_4	1_5
4506	1787	1_4	1_5
2595	4328	1_4	1_5
3959	3610	1_4	1_5
3184	2953	1_4	1_5
5779	2845	1_4	1_5
1987	1854	1_4	1_5
3823	4328	1_4	1_5
5980	3867	1_4	1_5
2309	5313	1_4	1_6
3015	5571	1_4	1_6
5050	5043	1_4	1_6
4281	5313	1_4	1_6
5455	5043	1_4	1_6
1483	5889	1_4	1_6
3598	5043	1_4	1_6
4906	5390	1_4	1_6
4715	2588	1_4	1_6
1650	1614	1_4	1_6
2763	2588	1_4	1_6
2889	3113	1_4	1_6
1489	1618	1_4	1_6
4179	1614	1_4	1_6
3959	1583	1_4	1_6
3418	5571	1_4	1_6
4063	5042	1_4	2_1
2997	3766	1_4	2_1
1579	5042	1_4	2_1
4666	2851	1_4	2_1
5151	3252	1_4	2_1
2564	3014	1_4	2_1
3180	2506	1_4	2_1
2927	1755	1_4	2_1
3418	1853	1_4	2_1
3305	5376	1_4	2_1
2114	2638	1_4	2_1
4666	3576	1_4	2_1
3959	4760	1_4	2_1
5779	5542	1_4	2_1
3305	1607	1_4	2_1
5980	2545	1_4	2_1
2763	3049	1_4	2_1
3959	5099	1_4	2_1
1038	3614	1_4	2_1
2997	2932	1_4	2_1
3015	2420	1_4	2_1
3216	2545	1_4	2_1
4585	4342	1_4	2_1
4715	1181	1_4	2_1
3385	1205	1_4	2_1
2309	1574	1_4	2_1
2114	3356	1_4	2_1
2927	1890	1_4	2_1
3983	3014	1_4	2_1
4281	3431	1_4	2_1
4281	3229	1_4	2_1
1579	5899	1_4	2_1
3823	2932	1_4	2_1
2997	5913	1_4	2_1
2114	4900	1_4	2_1
3823	4244	1_4	2_1
1650	1607	1_4	2_1
4854	5899	1_4	2_1
3823	5031	1_4	2_1
1489	3553	1_4	2_1
4715	1654	1_4	2_1
5430	2098	1_4	2_1
2889	5724	1_4	2_1
1866	4282	1_4	2_1
5455	2932	1_4	2_1
3180	3119	1_4	2_1
3598	4270	1_4	2_1
3418	2020	1_4	2_1
3983	2435	1_4	2_1
4854	1327	1_4	2_1
4854	1186	1_4	2_1
3184	3252	1_4	2_1
2620	1649	1_4	2_1
4179	2329	1_4	2_1
2013	3614	1_4	2_1
5854	1607	1_4	2_1
4611	3014	1_4	2_1
2763	1174	1_4	2_2
4506	5086	1_4	2_2
1894	1962	1_4	2_2
3598	2574	1_4	2_2
2114	5772	1_4	2_2
1894	1162	1_4	2_2
5980	2591	1_4	2_2
5430	2036	1_4	2_2
3385	2209	1_4	2_2
4715	2209	1_4	2_2
4867	2316	1_4	2_2
3305	2956	1_4	2_2
4901	3001	1_4	2_2
2910	1595	1_4	2_2
4867	1311	1_4	2_2
1987	4266	1_4	2_2
3418	4884	1_4	2_2
5363	3544	1_4	2_2
3983	1874	1_4	2_2
5151	2513	1_4	2_2
5455	1491	1_4	2_2
2309	1874	1_4	2_2
1987	3556	1_4	2_2
2620	4355	1_4	2_2
4281	2742	1_4	2_2
1483	3556	1_4	2_2
5980	4081	1_4	2_2
4715	2323	1_4	2_2
2620	2323	1_4	2_2
3983	3556	1_4	2_2
4753	5888	1_4	2_2
1489	2209	1_4	2_2
2763	2209	1_4	2_2
2322	4079	1_4	2_2
1038	1336	1_4	2_2
5151	2882	1_4	2_2
1364	5888	1_4	2_2
5779	1355	1_4	2_2
4470	2591	1_4	2_2
3180	4478	1_4	2_2
4854	1962	1_4	2_2
5980	5890	1_4	2_2
5151	3001	1_4	2_2
4470	2538	1_4	2_2
4906	4081	1_4	2_2
5430	1174	1_4	2_2
5050	4855	1_4	2_2
1489	4478	1_4	2_2
5455	3691	1_4	2_2
1038	5816	1_4	2_2
2927	4355	1_4	2_2
2595	1513	1_4	2_2
2557	1562	1_4	2_2
2309	1368	1_4	2_3
1489	2738	1_4	2_3
2046	4038	1_4	2_3
4715	5121	1_4	2_3
3883	5743	1_4	2_3
2114	4866	1_4	2_3
4063	4732	1_4	2_3
3216	4034	1_4	2_3
4575	4034	1_4	2_3
4281	2177	1_4	2_3
1364	3241	1_4	2_3
3598	3452	1_4	2_3
4753	2738	1_4	2_3
4585	5401	1_4	2_3
2763	5478	1_4	2_3
1364	4614	1_4	2_3
1866	2738	1_4	2_3
3385	4723	1_4	2_3
4906	4973	1_4	2_3
4854	4817	1_4	2_3
5779	3058	1_4	2_3
1650	3413	1_4	2_3
4575	1716	1_4	2_3
4753	5370	1_4	2_3
2564	5230	1_4	2_3
3184	1809	1_4	2_3
4666	1870	1_4	2_3
1483	5401	1_4	2_3
3180	1809	1_4	2_3
1056	2161	1_4	2_3
4585	5937	1_4	2_3
3883	2372	1_4	2_3
2997	2780	1_4	2_3
2557	5350	1_4	2_3
4506	5350	1_4	2_3
4063	5116	1_4	2_3
3418	5752	1_4	2_3
1038	4826	1_4	2_3
2974	3821	1_4	2_3
4470	1479	1_4	2_3
5980	1129	1_4	2_3
3983	1041	1_4	2_3
3883	2732	1_4	2_3
3180	5401	1_4	2_3
1579	2890	1_4	2_3
3959	2832	1_4	2_3
5854	3958	1_4	2_3
3015	5937	1_4	2_3
3180	5350	1_4	2_3
4715	4866	1_4	2_3
3959	4302	1_4	2_3
5980	3525	1_4	2_3
2997	3596	1_4	2_3
5363	2732	1_4	2_3
3883	2832	1_4	2_3
5854	4338	1_4	2_4
4575	1986	1_4	2_4
5430	5413	1_4	2_4
4715	1893	1_4	2_4
1987	1684	1_4	2_4
3305	3777	1_4	2_4
1056	4780	1_4	2_4
1364	2668	1_4	2_4
2997	4929	1_4	2_4
3598	5193	1_4	2_4
2997	3668	1_4	2_4
1021	5170	1_4	2_4
2997	1909	1_4	2_4
2557	5193	1_4	2_4
2557	5513	1_4	2_4
4715	5513	1_4	2_4
5151	1756	1_4	2_4
3184	4110	1_4	2_4
1489	1909	1_4	2_4
4854	5194	1_4	2_4
4585	3347	1_4	2_4
4585	3716	1_4	2_4
3823	3347	1_4	2_4
4575	5413	1_4	2_4
5151	3716	1_4	2_4
4281	1756	1_4	2_4
2927	2352	1_4	2_4
4575	1684	1_4	2_4
4836	5357	1_4	2_4
3180	3370	1_4	2_4
2013	5756	1_4	2_4
1489	2573	1_4	2_4
5363	3909	1_4	2_4
1038	5150	1_4	2_4
5854	2133	1_4	2_4
2927	5987	1_4	2_4
4063	1986	1_4	2_4
4906	4679	1_4	2_4
1650	3909	1_4	2_4
1579	5421	1_4	2_4
1987	3320	1_4	2_4
4506	5062	1_4	2_4
2322	1684	1_4	2_4
4611	5170	1_4	2_4
4063	3752	1_4	2_4
2927	3151	1_4	2_4
3184	3909	1_4	2_4
4715	2661	1_4	2_4
1866	5057	1_4	2_4
5455	4929	1_4	2_4
3372	5390	1_5	1_6
4228	5681	1_5	1_6
5519	1583	1_5	1_6
5380	2588	1_5	1_6
5152	5571	1_5	1_6
2664	5889	1_5	1_6
3387	1614	1_5	1_6
4527	1614	1_5	1_6
5152	5026	1_5	1_6
2951	5889	1_5	1_6
3387	3317	1_5	1_6
3867	3317	1_5	1_6
1272	3317	1_5	1_6
2951	2308	1_5	1_6
1528	5043	1_5	1_6
1272	2308	1_5	1_6
5940	1618	1_5	1_6
2541	5681	1_5	1_6
2775	5055	1_5	2_1
3444	5099	1_5	2_1
1604	4035	1_5	2_1
4527	3576	1_5	2_1
2931	4244	1_5	2_1
2552	1181	1_5	2_1
3002	1853	1_5	2_1
2276	2428	1_5	2_1
2528	2347	1_5	2_1
2931	4035	1_5	2_1
2699	5031	1_5	2_1
1437	2788	1_5	2_1
2951	2515	1_5	2_1
2565	1181	1_5	2_1
2699	3553	1_5	2_1
2576	2420	1_5	2_1
2953	5147	1_5	2_1
3372	5913	1_5	2_1
5940	4609	1_5	2_1
2541	2506	1_5	2_1
3220	1853	1_5	2_1
4431	5718	1_5	2_1
3372	5924	1_5	2_1
5519	3431	1_5	2_1
5915	4055	1_5	2_1
2778	5992	1_5	2_1
4228	2949	1_5	2_1
5380	4203	1_5	2_1
3690	2650	1_5	2_1
2565	2419	1_5	2_1
3867	3280	1_5	2_1
1698	1869	1_5	2_1
4431	3225	1_5	2_1
5152	2650	1_5	2_1
5750	4244	1_5	2_1
1698	2851	1_5	2_1
1884	5296	1_5	2_1
2565	2779	1_5	2_1
5337	4965	1_5	2_1
2198	5992	1_5	2_1
3607	5031	1_5	2_1
2396	4102	1_5	2_1
4158	2329	1_5	2_1
5750	4203	1_5	2_1
2198	5913	1_5	2_1
5940	2506	1_5	2_1
5337	3049	1_5	2_1
2953	5328	1_5	2_1
5152	4282	1_5	2_1
2079	4244	1_5	2_1
3610	3431	1_5	2_1
2775	5294	1_5	2_1
2396	5992	1_5	2_1
3610	2506	1_5	2_1
5785	1574	1_5	2_1
1884	2419	1_5	2_1
1884	5099	1_5	2_1
4287	1869	1_5	2_1
4158	5899	1_5	2_1
2218	5579	1_5	2_1
3607	5992	1_5	2_1
5519	5724	1_5	2_1
1933	4312	1_5	2_2
5337	1087	1_5	2_2
1221	2591	1_5	2_2
2699	1874	1_5	2_2
2528	2430	1_5	2_2
3444	3235	1_5	2_2
1589	1491	1_5	2_2
3372	4252	1_5	2_2
1589	2316	1_5	2_2
4794	4368	1_5	2_2
2778	4103	1_5	2_2
1272	1212	1_5	2_2
2276	2316	1_5	2_2
4431	5914	1_5	2_2
3444	2742	1_5	2_2
5750	4157	1_5	2_2
2576	4515	1_5	2_2
2953	4515	1_5	2_2
4794	5086	1_5	2_2
3873	3346	1_5	2_2
3607	4471	1_5	2_2
5490	1212	1_5	2_2
5785	3648	1_5	2_2
1709	1595	1_5	2_2
4328	5410	1_5	2_2
3387	5890	1_5	2_2
2198	2513	1_5	2_2
2565	4465	1_5	2_2
1221	4252	1_5	2_2
1698	5888	1_5	2_2
4326	4164	1_5	2_2
4978	1087	1_5	2_2
5380	5914	1_5	2_2
2845	1962	1_5	2_2
1950	1497	1_5	2_2
5915	2591	1_5	2_2
2576	5710	1_5	2_2
1077	2249	1_5	2_2
2079	4478	1_5	2_2
5490	4236	1_5	2_2
3454	4312	1_5	2_2
2218	1962	1_5	2_2
2931	1355	1_5	2_2
2079	4471	1_5	2_2
4978	5167	1_5	2_2
2276	1562	1_5	2_2
2953	1400	1_5	2_2
4228	5182	1_5	2_2
5380	1962	1_5	2_2
5303	2209	1_5	2_2
2541	4164	1_5	2_2
3610	5914	1_5	2_2
4326	2956	1_5	2_2
4566	5911	1_5	2_2
2315	4855	1_5	2_2
4326	2655	1_5	2_2
3681	1984	1_5	2_2
1221	2882	1_5	2_2
2576	3543	1_5	2_3
2565	1244	1_5	2_3
2276	5143	1_5	2_3
5490	1073	1_5	2_3
5519	5121	1_5	2_3
5152	3694	1_5	2_3
3220	4589	1_5	2_3
2953	4191	1_5	2_3
3220	2571	1_5	2_3
1854	1073	1_5	2_3
4794	3821	1_5	2_3
2528	4302	1_5	2_3
2218	1544	1_5	2_3
1437	5341	1_5	2_3
3610	1809	1_5	2_3
2576	1870	1_5	2_3
2218	2971	1_5	2_3
3667	4302	1_5	2_3
1854	5972	1_5	2_3
2775	5121	1_5	2_3
2775	1300	1_5	2_3
3681	1875	1_5	2_3
3387	4071	1_5	2_3
3002	1839	1_5	2_3
3387	5489	1_5	2_3
4431	5143	1_5	2_3
1528	4486	1_5	2_3
2845	3821	1_5	2_3
4431	1479	1_5	2_3
1589	2780	1_5	2_3
1599	3316	1_5	2_3
1604	5650	1_5	2_3
5750	3543	1_5	2_3
4431	2161	1_5	2_3
4228	1438	1_5	2_3
4228	3543	1_5	2_3
3607	3452	1_5	2_3
2528	1220	1_5	2_3
1604	5973	1_5	2_3
1854	4934	1_5	2_3
1437	1544	1_5	2_3
1221	4207	1_5	2_3
3873	1716	1_5	2_3
5152	5116	1_5	2_3
5380	5230	1_5	2_3
4228	4934	1_5	2_3
4287	3584	1_5	2_3
2541	3584	1_5	2_3
4328	1209	1_5	2_3
3867	4866	1_5	2_3
5380	3314	1_5	2_3
3002	4676	1_5	2_3
1437	5743	1_5	2_3
1709	3058	1_5	2_3
2778	2776	1_5	2_3
5490	5230	1_5	2_3
1437	1244	1_5	2_3
2778	1438	1_5	2_3
4431	4250	1_5	2_3
2198	4038	1_5	2_3
2528	2133	1_5	2_4
2079	5057	1_5	2_4
4158	3995	1_5	2_4
1884	1632	1_5	2_4
2778	5987	1_5	2_4
4527	4137	1_5	2_4
2315	1684	1_5	2_4
1437	1428	1_5	2_4
1933	4338	1_5	2_4
3372	3732	1_5	2_4
4326	3909	1_5	2_4
2565	3294	1_5	2_4
3220	5421	1_5	2_4
1221	1122	1_5	2_4
1221	5439	1_5	2_4
1698	4776	1_5	2_4
1933	1893	1_5	2_4
2276	1993	1_5	2_4
1787	2955	1_5	2_4
5519	1773	1_5	2_4
2565	2612	1_5	2_4
4328	2337	1_5	2_4
2845	4587	1_5	2_4
3607	1200	1_5	2_4
1437	1893	1_5	2_4
4326	4596	1_5	2_4
5940	2668	1_5	2_4
1221	4856	1_5	2_4
1709	3330	1_5	2_4
3690	2582	1_5	2_4
5303	3752	1_5	2_4
3454	4596	1_5	2_4
1698	4717	1_5	2_4
4158	4582	1_5	2_4
5490	4679	1_5	2_4
5750	3732	1_5	2_4
1077	4587	1_5	2_4
1599	5421	1_5	2_4
2775	1828	1_5	2_4
3002	3909	1_5	2_4
2079	2352	1_5	2_4
4326	3294	1_5	2_4
4794	5290	1_5	2_4
2528	5756	1_5	2_4
4158	4856	1_5	2_4
3610	4929	1_5	2_4
5490	2685	1_5	2_4
1787	2133	1_5	2_4
3372	2955	1_5	2_4
4228	1773	1_5	2_4
2565	4856	1_5	2_4
4326	1828	1_5	2_4
3113	4961	1_6	2_1
5364	1574	1_6	2_1
5043	5724	1_6	2_1
1614	5992	1_6	2_1
1614	4955	1_6	2_1
2308	5591	1_6	2_1
2308	2638	1_6	2_1
3113	2788	1_6	2_1
5889	3225	1_6	2_1
1381	1755	1_6	2_1
5390	3229	1_6	2_1
1381	4498	1_6	2_1
5681	1186	1_6	2_1
1618	2638	1_6	2_1
5364	1869	1_6	2_1
1618	4498	1_6	2_1
5583	3119	1_6	2_1
1618	1186	1_6	2_1
1583	5539	1_6	2_1
1381	4955	1_6	2_1
5390	2851	1_6	2_1
5043	5798	1_6	2_1
1343	3691	1_6	2_2
5681	1984	1_6	2_2
1381	5772	1_6	2_2
1583	1336	1_6	2_2
3317	1355	1_6	2_2
5364	4855	1_6	2_2
5889	3235	1_6	2_2
5681	1311	1_6	2_2
1583	1962	1_6	2_2
5571	4266	1_6	2_2
3317	3351	1_6	2_2
5681	4081	1_6	2_2
1614	4081	1_6	2_2
5681	1171	1_6	2_2
5043	1313	1_6	2_2
4693	2372	1_6	2_3
1583	5723	1_6	2_3
5313	3525	1_6	2_3
1381	1839	1_6	2_3
1618	5401	1_6	2_3
4693	5370	1_6	2_3
1583	5401	1_6	2_3
1614	1479	1_6	2_3
2308	1041	1_6	2_3
5889	3525	1_6	2_3
5026	4071	1_6	2_3
5889	1300	1_6	2_3
5313	4207	1_6	2_3
3113	5577	1_6	2_3
5571	1438	1_6	2_3
5889	1544	1_6	2_3
2588	4880	1_6	2_3
1583	2885	1_6	2_4
4693	3668	1_6	2_4
5583	2337	1_6	2_4
1583	4809	1_6	2_4
5364	4069	1_6	2_4
3113	3433	1_6	2_4
1343	2873	1_6	2_4
1614	4070	1_6	2_4
5583	3294	1_6	2_4
5390	4587	1_6	2_4
5681	3851	1_6	2_4
5313	3433	1_6	2_4
1343	2822	1_6	2_4
5681	5422	1_6	2_4
2588	5222	1_6	2_4
5390	3851	1_6	2_4
5026	3018	1_6	2_4
5889	3578	1_6	2_4
3113	4314	1_6	2_4
2650	4573	2_1	2_2
3696	4848	2_1	2_2
2020	5146	2_1	2_2
2347	2538	2_1	2_2
5147	5146	2_1	2_2
3252	1400	2_1	2_2
4035	5710	2_1	2_2
5175	1313	2_1	2_2
3049	5316	2_1	2_2
3431	3544	2_1	2_2
2506	2742	2_1	2_2
2851	3736	2_1	2_2
3119	5395	2_1	2_2
2208	4515	2_1	2_2
2506	4103	2_1	2_2
2098	2303	2_1	2_2
3656	3691	2_1	2_2
4961	4312	2_1	2_2
5979	1962	2_1	2_2
3087	1336	2_1	2_2
4965	3001	2_1	2_2
4059	5710	2_1	2_2
4035	5911	2_1	2_2
3225	4848	2_1	2_2
3119	4103	2_1	2_2
4955	4855	2_1	2_2
5591	2882	2_1	2_2
2949	1962	2_1	2_2
3229	1355	2_1	2_2
2347	3893	2_1	2_2
5328	3544	2_1	2_2
4245	4103	2_1	2_2
2419	4478	2_1	2_2
2435	5967	2_1	2_2
2329	5767	2_1	2_2
4965	5890	2_1	2_2
5579	1874	2_1	2_2
5294	3511	2_1	2_2
4444	2430	2_1	2_2
1205	1497	2_1	2_2
3119	4573	2_1	2_2
1755	3346	2_1	2_2
2347	5772	2_1	2_2
3014	5316	2_1	2_2
2208	5410	2_1	2_2
3616	3648	2_1	2_2
5739	5901	2_1	2_2
4035	4252	2_1	2_2
4102	3001	2_1	2_2
5132	4236	2_1	2_2
2208	5167	2_1	2_2
5992	4157	2_1	2_2
4203	5089	2_1	2_2
3229	1513	2_1	2_2
2065	2655	2_1	2_2
4498	5395	2_1	2_2
5591	1336	2_1	2_2
3696	5710	2_1	2_2
2506	4355	2_1	2_2
1327	3235	2_1	2_2
1755	5316	2_1	2_2
3696	3544	2_1	2_2
5724	4312	2_1	2_2
4203	3351	2_1	2_2
5798	5089	2_1	2_2
1148	5395	2_1	2_2
5539	4471	2_1	2_2
5739	5767	2_1	2_2
2420	4855	2_1	2_2
5924	2591	2_1	2_2
1186	2655	2_1	2_2
1327	5270	2_1	2_3
1869	5054	2_1	2_3
1654	5723	2_1	2_3
4955	4207	2_1	2_3
3431	1875	2_1	2_3
5591	3314	2_1	2_3
3280	1908	2_1	2_3
2545	1906	2_1	2_3
2788	3222	2_1	2_3
5376	1129	2_1	2_3
3067	1244	2_1	2_3
5031	5370	2_1	2_3
2208	4614	2_1	2_3
4244	4676	2_1	2_3
4727	3058	2_1	2_3
3553	1908	2_1	2_3
4102	1244	2_1	2_3
2506	3543	2_1	2_3
3087	1368	2_1	2_3
3744	3543	2_1	2_3
1148	2738	2_1	2_3
5924	1318	2_1	2_3
3087	1069	2_1	2_3
3553	5650	2_1	2_3
4444	4826	2_1	2_3
2578	3584	2_1	2_3
4965	4589	2_1	2_3
2435	1870	2_1	2_3
1210	2102	2_1	2_3
4489	4034	2_1	2_3
4609	3584	2_1	2_3
4035	1544	2_1	2_3
2788	1716	2_1	2_3
3616	5116	2_1	2_3
3229	3222	2_1	2_3
5979	4723	2_1	2_3
5328	2971	2_1	2_3
1654	3413	2_1	2_3
2506	3443	2_1	2_3
5992	5350	2_1	2_3
3280	4858	2_1	2_3
5591	1209	2_1	2_3
1186	1244	2_1	2_3
3087	4826	2_1	2_3
5042	3561	2_1	2_3
5539	3340	2_1	2_3
4282	2832	2_1	2_3
5718	1809	2_1	2_3
4270	1049	2_1	2_3
5296	3316	2_1	2_3
4727	4327	2_1	2_3
2932	3314	2_1	2_3
2065	5478	2_1	2_3
4727	2540	2_1	2_3
2851	1318	2_1	2_3
3049	1875	2_1	2_3
3049	5350	2_1	2_3
2208	3525	2_1	2_3
3589	3543	2_1	2_3
5542	3340	2_1	2_3
4955	3413	2_1	2_3
3065	4038	2_1	2_3
4444	5017	2_1	2_3
5542	4858	2_1	2_3
5913	5230	2_1	2_3
3356	4826	2_1	2_3
2788	2890	2_1	2_3
1186	2832	2_1	2_3
2065	5270	2_1	2_3
1574	4973	2_1	2_3
3087	4321	2_1	2_3
2098	4880	2_1	2_3
3616	1438	2_1	2_3
1755	3821	2_1	2_3
2638	3694	2_1	2_3
5099	3222	2_1	2_3
2779	5972	2_1	2_3
3065	3340	2_1	2_3
3119	3958	2_1	2_3
2851	3443	2_1	2_3
3014	4826	2_1	2_3
5899	5972	2_1	2_3
4245	1908	2_1	2_3
5579	4826	2_1	2_3
4955	1209	2_1	2_3
1869	5341	2_1	2_3
3614	3596	2_1	2_3
3616	1809	2_1	2_3
5739	3222	2_1	2_3
2779	1073	2_1	2_3
2435	2738	2_1	2_3
3696	1544	2_1	2_3
4203	2738	2_1	2_3
2506	2732	2_1	2_3
2347	2068	2_1	2_3
5924	4809	2_1	2_4
1607	3151	2_1	2_4
3065	3752	2_1	2_4
3014	1888	2_1	2_4
5099	5987	2_1	2_4
2208	1428	2_1	2_4
5992	2532	2_1	2_4
5979	5012	2_1	2_4
3049	3909	2_1	2_4
5132	1684	2_1	2_4
4203	5193	2_1	2_4
3576	3506	2_1	2_4
3252	4625	2_1	2_4
3744	4496	2_1	2_4
4961	1986	2_1	2_4
5924	3732	2_1	2_4
4059	2685	2_1	2_4
1186	1200	2_1	2_4
2506	1988	2_1	2_4
2779	4587	2_1	2_4
5798	2873	2_1	2_4
4955	2133	2_1	2_4
5992	4596	2_1	2_4
1327	5194	2_1	2_4
5539	4679	2_1	2_4
2932	3330	2_1	2_4
2347	4338	2_1	2_4
5925	2873	2_1	2_4
5925	1773	2_1	2_4
5798	5150	2_1	2_4
4760	3294	2_1	2_4
2428	5465	2_1	2_4
5296	4596	2_1	2_4
4965	3578	2_1	2_4
2545	2885	2_1	2_4
3696	3578	2_1	2_4
5899	1888	2_1	2_4
2020	3909	2_1	2_4
2638	5170	2_1	2_4
1361	2955	2_1	2_4
1574	3253	2_1	2_4
1210	5987	2_1	2_4
5296	2661	2_1	2_4
3119	1632	2_1	2_4
1361	2685	2_1	2_4
5099	2573	2_1	2_4
3614	3433	2_1	2_4
5899	1905	2_1	2_4
4965	2337	2_1	2_4
5739	4597	2_1	2_4
1327	1632	2_1	2_4
5913	2133	2_1	2_4
3614	2503	2_1	2_4
3065	2885	2_1	2_4
5913	1988	2_1	2_4
2098	1905	2_1	2_4
4955	3777	2_1	2_4
2506	3506	2_1	2_4
5579	3018	2_1	2_4
2435	4587	2_1	2_4
2545	2873	2_1	2_4
5579	1240	2_1	2_4
1649	3578	2_1	2_4
5542	5513	2_1	2_4
2208	5756	2_1	2_4
4245	2573	2_1	2_4
4203	2822	2_1	2_4
1205	4587	2_1	2_4
2949	3330	2_1	2_4
4955	5062	2_1	2_4
4203	1888	2_1	2_4
2779	3151	2_1	2_4
1890	3716	2_1	2_4
3356	1893	2_1	2_4
3576	1888	2_1	2_4
5798	3716	2_1	2_4
5542	1828	2_1	2_4
1358	1632	2_1	2_4
1853	2885	2_1	2_4
4203	4597	2_1	2_4
2949	2955	2_1	2_4
2420	2955	2_1	2_4
3614	4044	2_1	2_4
5798	3018	2_1	2_4
3744	5755	2_1	2_5
2932	5433	2_1	2_5
5591	1408	2_1	2_5
2435	4933	2_1	2_5
4955	4442	2_1	2_5
4102	3714	2_1	2_5
5992	1408	2_1	2_5
3656	5220	2_1	2_5
1627	3838	2_1	2_5
5376	3510	2_1	2_5
4727	3211	2_1	2_5
5147	4538	2_1	2_5
2347	4865	2_1	2_5
3287	3714	2_1	2_5
3589	4442	2_1	2_5
4609	3886	2_1	2_5
1205	5433	2_1	2_5
2866	5649	2_1	2_5
3553	4221	2_1	2_5
1361	5534	2_1	2_5
4965	1408	2_1	2_5
3287	3211	2_1	2_5
1607	1694	2_1	2_5
3616	1564	2_1	2_5
1607	3886	2_1	2_5
5042	3181	2_1	2_5
2932	3181	2_1	2_5
4245	3211	2_1	2_5
4342	5649	2_1	2_5
2515	2333	2_1	2_5
4884	1479	2_2	2_3
2513	1073	2_2	2_3
2591	2146	2_2	2_3
4266	2146	2_2	2_3
1513	5270	2_2	2_3
3346	3314	2_2	2_3
3351	3746	2_2	2_3
4465	4327	2_2	2_3
2430	4384	2_2	2_3
2538	2372	2_2	2_3
5410	1438	2_2	2_3
1595	2372	2_2	2_3
5911	3314	2_2	2_3
5167	4708	2_2	2_3
1162	1041	2_2	2_3
3893	2732	2_2	2_3
4312	3543	2_2	2_3
3351	2738	2_2	2_3
4079	5937	2_2	2_3
2316	5577	2_2	2_3
4355	5017	2_2	2_3
2591	5054	2_2	2_3
2513	1220	2_2	2_3
1491	4732	2_2	2_3
5710	5723	2_2	2_3
4884	1073	2_2	2_3
5146	1244	2_2	2_3
4079	1944	2_2	2_3
5911	4826	2_2	2_3
3736	2890	2_2	2_3
5967	5973	2_2	2_3
5911	4817	2_2	2_3
1313	3821	2_2	2_3
2430	1438	2_2	2_3
2956	3163	2_2	2_3
4515	5478	2_2	2_3
1926	4191	2_2	2_3
1355	2792	2_2	2_3
4368	2890	2_2	2_3
3235	5577	2_2	2_3
3235	4071	2_2	2_3
1513	2792	2_2	2_3
1313	1129	2_2	2_3
2538	2540	2_2	2_3
1513	5478	2_2	2_3
4465	5577	2_2	2_3
5967	5017	2_2	2_3
4855	3314	2_2	2_3
3544	5121	2_2	2_3
1313	1073	2_2	2_3
5911	1839	2_2	2_3
3511	2068	2_2	2_3
1313	5116	2_2	2_3
1087	5723	2_2	2_3
1568	4589	2_2	2_3
5816	5341	2_2	2_3
1313	4708	2_2	2_3
4855	5017	2_2	2_3
3001	3746	2_2	2_3
1336	5973	2_2	2_3
5914	1479	2_2	2_3
4312	4973	2_2	2_3
2303	4991	2_2	2_3
4355	4866	2_2	2_3
3544	3413	2_2	2_3
4855	2630	2_2	2_3
5767	2890	2_2	2_3
4471	1544	2_2	2_3
4081	3584	2_2	2_3
2513	5494	2_2	2_3
5911	5270	2_2	2_3
2323	1244	2_2	2_3
1313	5230	2_2	2_3
1336	3584	2_2	2_3
2209	1875	2_2	2_3
5086	5143	2_2	2_3
4848	4679	2_2	2_4
3511	3253	2_2	2_4
5914	3777	2_2	2_4
1962	5194	2_2	2_4
4079	4625	2_2	2_4
4164	2165	2_2	2_4
5146	3370	2_2	2_4
2430	4597	2_2	2_4
4478	1428	2_2	2_4
5767	4717	2_2	2_4
4355	4596	2_2	2_4
4465	2503	2_2	2_4
5146	2352	2_2	2_4
2209	2133	2_2	2_4
4515	1240	2_2	2_4
2303	2668	2_2	2_4
4855	5422	2_2	2_4
2574	5422	2_2	2_4
1087	4596	2_2	2_4
2538	1905	2_2	2_4
1174	4597	2_2	2_4
1513	4643	2_2	2_4
1595	2337	2_2	2_4
5914	4314	2_2	2_4
4157	5439	2_2	2_4
4465	5222	2_2	2_4
4855	1828	2_2	2_4
1568	5222	2_2	2_4
4252	5421	2_2	2_4
4079	1905	2_2	2_4
3001	4596	2_2	2_4
1171	2573	2_2	2_4
3544	4625	2_2	2_4
3736	4069	2_2	2_4
5901	3170	2_2	2_4
1491	5421	2_2	2_4
1926	1888	2_2	2_4
5911	5170	2_2	2_4
5182	4587	2_2	2_4
3544	2612	2_2	2_4
1984	4338	2_2	2_4
1568	5421	2_2	2_4
4266	3294	2_2	2_4
5767	1122	2_2	2_4
1355	1893	2_2	2_4
2574	2459	2_2	2_4
3001	4776	2_2	2_4
1400	3752	2_2	2_4
5816	2873	2_2	2_4
4515	3330	2_2	2_4
3235	2885	2_2	2_4
4465	1684	2_2	2_4
2574	3320	2_2	2_4
3351	5466	2_2	2_4
5410	3370	2_2	2_4
1171	4137	2_2	2_4
4904	2822	2_2	2_4
3351	2822	2_2	2_4
2209	3668	2_2	2_4
5911	1828	2_2	2_4
1568	1986	2_2	2_4
2209	4044	2_2	2_4
1562	3578	2_2	2_4
2209	1986	2_2	2_4
3691	5062	2_2	2_4
1906	1525	2_3	2_4
3443	5421	2_3	2_4
1220	2337	2_3	2_4
4071	1909	2_3	2_4
3584	1428	2_3	2_4
5017	2532	2_3	2_4
5370	4110	2_3	2_4
4034	2337	2_3	2_4
3163	5012	2_3	2_4
1544	2612	2_3	2_4
3746	5222	2_3	2_4
5116	4776	2_3	2_4
3222	4314	2_3	2_4
5350	2822	2_3	2_4
3746	2337	2_3	2_4
3058	2885	2_3	2_4
4708	1828	2_3	2_4
5230	2459	2_3	2_4
2738	4338	2_3	2_4
1438	5436	2_3	2_4
4991	1828	2_3	2_4
4250	2084	2_3	2_4
1870	5756	2_3	2_4
4250	4643	2_3	2_4
3163	5057	2_3	2_4
4880	3668	2_3	2_4
1544	1200	2_3	2_4
3821	2685	2_3	2_4
2068	5194	2_3	2_4
2792	4314	2_3	2_4
4250	4587	2_3	2_4
4302	3370	2_3	2_4
4384	2612	2_3	2_4
3543	5194	2_3	2_4
2780	2873	2_3	2_4
1220	2459	2_3	2_4
1875	3851	2_3	2_4
4302	4776	2_3	2_4
5972	1122	2_3	2_4
2177	2661	2_3	2_4
2372	2661	2_3	2_4
3452	5357	2_3	2_4
1438	4776	2_3	2_4
1209	4582	2_3	2_4
3443	4596	2_3	2_4
5401	4070	2_3	2_4
1716	3578	2_3	2_4
3525	4587	2_3	2_4
4250	4856	2_3	2_4
3314	3668	2_3	2_4
5143	2459	2_3	2_4
4321	1888	2_3	2_4
2146	5057	2_3	2_4
4880	1988	2_3	2_4
5116	2885	2_3	2_4
5494	2133	2_3	2_4
3163	5421	2_3	2_4
5494	5170	2_3	2_4
1479	1240	2_3	2_4
1069	3909	2_3	2_4
5350	2459	2_3	2_4
4973	4776	2_3	2_4
4071	4496	2_3	2_4
4676	2582	2_3	2_4
2732	3170	2_3	2_4
3340	5357	2_3	2_4
1479	4856	2_3	2_4
2571	1905	2_3	2_4
2372	1428	2_3	2_4
2890	5150	2_3	2_4
5723	3253	2_3	2_4
3443	1200	2_3	2_4
3958	3347	2_3	2_4
1041	5439	2_3	2_4
3222	3077	2_3	2_4
1716	2661	2_3	2_4
2146	2661	2_3	2_4
2146	1773	2_3	2_4
3058	2573	2_3	2_4
5121	2503	2_3	2_4
3058	5649	2_3	2_5
1073	3653	2_3	2_5
5937	1564	2_3	2_5
2540	5649	2_3	2_5
3958	4221	2_3	2_5
1244	3714	2_3	2_5
5972	1408	2_3	2_5
1368	5433	2_3	2_5
2146	3211	2_3	2_5
5752	4538	2_3	2_5
5341	1408	2_3	2_5
2832	2333	2_3	2_5
5478	1564	2_3	2_5
4321	1867	2_3	2_5
4302	3510	2_3	2_5
4973	3838	2_3	2_5
1809	5433	2_3	2_5
4614	3886	2_3	2_5
4071	3714	2_3	2_5
2540	1867	2_3	2_5
5143	5649	2_3	2_5
5116	3181	2_3	2_5
3222	5755	2_3	2_5
5577	3324	2_3	2_5
4038	1696	2_3	2_5
4038	2770	2_3	2_5
4732	4221	2_3	2_5
4826	4933	2_3	2_5
5756	3181	2_4	2_5
1632	2333	2_4	2_5
2133	3211	2_4	2_5
2573	5755	2_4	2_5
1756	3714	2_4	2_5
3851	3714	2_4	2_5
4314	1694	2_4	2_5
1988	4361	2_4	2_5
2352	4130	2_4	2_5
4929	1564	2_4	2_5
5150	3324	2_4	2_5
4582	1694	2_4	2_5
4597	3714	2_4	2_5
3259	4361	2_4	2_5
4044	3714	2_4	2_5
3752	5649	2_4	2_5
2955	2980	2_4	2_5
4137	2770	2_4	2_5
5439	3324	2_4	2_5
3330	4085	2_4	2_5
1200	4361	2_4	2_5
1773	4865	2_4	2_5
5150	1696	2_4	2_5
1773	4221	2_4	2_5
4780	1408	2_4	2_5
2503	3886	2_4	2_5
1684	4361	2_4	2_5
3253	5729	2_4	2_5
